{"stats":{"minecraft:dropped":{"minecraft:wheat_seeds":1},"minecraft:picked_up":{"minecraft:wheat_seeds":1,"minecraft:dirt":1},"minecraft:used":{"minecraft:deepslate_diamond_ore":2,"minecraft:dirt":1},"minecraft:mined":{"minecraft:grass":5,"minecraft:grass_block":1},"minecraft:custom":{"minecraft:jump":21,"minecraft:time_since_rest":6344,"minecraft:leave_game":1,"minecraft:damage_dealt":50,"minecraft:crouch_one_cm":212,"minecraft:sprint_one_cm":1011,"minecraft:play_time":6344,"minecraft:time_since_death":6344,"minecraft:walk_one_cm":6681,"minecraft:sneak_time":211,"minecraft:total_world_time":6344,"minecraft:drop":1,"minecraft:fall_one_cm":418,"minecraft:fly_one_cm":23132}},"DataVersion":3120}